<?xml version="1.0" encoding="UTF-8"?>
<project-private xmlns="http://www.netbeans.org/ns/project-private/1">
    <editor-bookmarks xmlns="http://www.netbeans.org/ns/editor-bookmarks/2" lastBookmarkId="0"/>
    <open-files xmlns="http://www.netbeans.org/ns/projectui-open-files/2">
        <group>
            <file>file:/E:/Lovely%20Professional%20University/ExaminationPortal/web/back.jsp</file>
            <file>file:/E:/Lovely%20Professional%20University/ExaminationPortal/web/errorPAge.jsp</file>
            <file>file:/E:/Lovely%20Professional%20University/ExaminationPortal/web/eval.jsp</file>
            <file>file:/E:/Lovely%20Professional%20University/ExaminationPortal/web/Login.jsp</file>
            <file>file:/E:/Lovely%20Professional%20University/ExaminationPortal/web/index.html</file>
            <file>file:/E:/Lovely%20Professional%20University/ExaminationPortal/web/Resources/style.css</file>
            <file>file:/E:/Lovely%20Professional%20University/ExaminationPortal/web/Registration.jsp</file>
            <file>file:/E:/Lovely%20Professional%20University/ExaminationPortal/web/Exam.jsp</file>
        </group>
    </open-files>
</project-private>
